{
    "1": {
        "position": {
            "x": 1.7101352214813232,
            "y": 0.001640915870666504,
            "z": 0.0
        },
        "orientation": {
            "x": 0.0,
            "y": 0.0,
            "z": 0.7056373836831658,
            "w": 0.7085731315459094
        },
        "timestamp": 1750255435.3870087
    },
    "2": {
        "position": {
            "x": 1.6286766529083252,
            "y": 0.37696418166160583,
            "z": 0.0
        },
        "orientation": {
            "x": 0.0,
            "y": 0.0,
            "z": 0.998913308334814,
            "w": 0.0466068925331522
        },
        "timestamp": 1750255451.6612144
    },
    "3": {
        "position": {
            "x": 1.016127586364746,
            "y": 0.44981029629707336,
            "z": 0.0
        },
        "orientation": {
            "x": 0.0,
            "y": 0.0,
            "z": 0.9997938147065398,
            "w": 0.020305863058364133
        },
        "timestamp": 1750255469.825092
    },
    "4": {
        "position": {
            "x": 0.34417247772216797,
            "y": 0.6336871981620789,
            "z": 0.0
        },
        "orientation": {
            "x": 0.0,
            "y": 0.0,
            "z": 0.6893405274249301,
            "w": 0.724437462621529
        },
        "timestamp": 1750255481.7414918
    },
    "5": {
        "position": {
            "x": 1.8112175464630127,
            "y": 1.0513702630996704,
            "z": 0.0
        },
        "orientation": {
            "x": 0.0,
            "y": 0.0,
            "z": 0.7390524762428318,
            "w": 0.6736478585725175
        },
        "timestamp": 1750255502.8139997
    },
    "6": {
        "position": {
            "x": 0.41216254234313965,
            "y": 1.8566880226135254,
            "z": 0.0
        },
        "orientation": {
            "x": 0.0,
            "y": 0.0,
            "z": 0.7076241283531175,
            "w": 0.7065890552311794
        },
        "timestamp": 1750255525.0410497
    },
    "7": null,
    "8": null,
    "9": null,
    "10": null,
    "11": null,
    "12": null,
    "13": null,
    "14": null,
    "15": null
}